n_samples,scientific_name,dataset,median_length_pct_err,mean_length_pct_err,n
0,Notiophilus aeneus,biorepo,32.721462,32.721462,2
0,Nebria trifaria,biorepo,7.237224,7.237224,1
0,Paraclivina bipustulata,biorepo,6.5505624,6.5505624,1
0,Lophoglossus tartaricus,biorepo,6.376097,6.376097,1
0,Brachinus alternans,biorepo,6.1505527,6.1505527,1
0,Omus audouini,biorepo,5.8725867,5.8725867,1
0,Cymindis neglecta,biorepo,5.7545075,5.7545075,1
0,Galerita atripes,biorepo,5.3289027,5.4757643,29
0,Agonum corvus,biorepo,5.1335993,5.1335993,1
0,Brachinus americanus,biorepo,4.964424,4.964424,1
0,Gastrellarius blanchardi,biorepo,4.577502,4.577502,2
0,Calathus advena,biorepo,4.381084,4.381084,1
0,Gastrellarius honestus,biorepo,4.3546,4.3546,1
0,Dromochorus pruininus,biorepo,4.107043,5.8407936,3
0,Agonum cupreum,biorepo,4.0306764,4.0306764,1
0,Dyschirius globulosus,biorepo,3.6134417,3.6134417,1
0,Micrixys distincta,biorepo,3.4386265,3.4386265,1
0,Apenes lucidula lucidula,biorepo,3.311277,2.7554903,4
0,Cyclotrachelus brevoorti,biorepo,2.932635,2.932635,2
0,Harpalus desertus,biorepo,2.9172003,3.4775672,25
0,Dromochorus belfragei,biorepo,2.872092,2.7401118,5
0,Piesmus submarginatus,biorepo,2.7359536,2.7359536,1
0,Patrobus septentrionis,biorepo,2.6490185,2.6490185,1
0,Carabus chamissonis,biorepo,2.5569837,2.5569837,2
0,Poecilus cyanicolor,biorepo,2.5181975,2.5181975,1
0,Dicheirus piceus,biorepo,2.5181742,2.9279938,57
0,Calathus gregarius,biorepo,2.4786434,2.6446183,15
0,Amara angustatoides,biorepo,2.458112,2.2054517,11
0,Myas coracinus,biorepo,2.334753,2.334753,2
0,Scaphinotus angulatus,biorepo,2.2800012,2.2800012,2
0,Cicindela abdominalis,biorepo,2.2796702,2.2796702,1
0,Notiophilus novemstriatus,biorepo,2.2667775,3.6191554,17
0,Lebia vittata,biorepo,2.234298,2.682877,14
0,Cyclotrachelus alternans,biorepo,2.2094142,2.3884685,12
0,Platynus ovipennis,biorepo,2.2079575,2.2079575,2
0,Sphaeroderus canadensis canadensis,biorepo,2.0982847,2.119928,6
0,Elaphrus lapponicus,biorepo,2.090244,2.090244,2
0,Galerita bicolor,biorepo,2.0541983,2.3361685,16
0,Agonum retractum,biorepo,2.0282254,1.6961796,5
0,Scaphinotus angusticollis,biorepo,2.0235846,1.8591741,18
0,Bembidion rapidum,biorepo,2.0145588,1.950633,4
0,Discoderus robustus,biorepo,1.9911904,3.1824024,79
0,Harpalus amputatus amputatus,biorepo,1.9860454,2.2886622,3
0,Calosoma sponsa,biorepo,1.9778113,1.7254926,7
0,Lophoglossus haldemanni,biorepo,1.9558359,1.9558359,1
0,Pasimachus californicus,biorepo,1.8829541,1.8829541,1
0,Harpalus opacipennis,biorepo,1.8820972,1.970263,12
0,Calosoma calidum,biorepo,1.8307564,2.0122871,34
0,Harpalus amputatus,biorepo,1.7965069,1.7710226,42
0,Cyclotrachelus faber,biorepo,1.7186089,1.7457265,15
0,Cratacanthus dubius,biorepo,1.7145449,2.0241346,55
0,Loricera pilicornis pilicornis,biorepo,1.6736481,1.6736481,1
0,Dicaelus politus,biorepo,1.6179789,1.7531629,9
0,Piosoma setosum,biorepo,1.6027035,1.9011089,66
0,Dicaelus dilatatus,biorepo,1.594094,1.9775664,35
0,Amara carinata,biorepo,1.5529196,1.5529196,2
0,Cymindis cribricollis,biorepo,1.5511475,2.1975489,31
0,Axinopalpus biplagiatus,biorepo,1.5204356,1.7889283,10
0,Scaphinotus andrewsii,biorepo,1.5188727,1.477564,4
0,Promecognathus crassus,biorepo,1.4947561,2.59815,9
0,Cylindera unipunctata,biorepo,1.4769187,1.676123,4
0,Pterostichus (Abacidus) sp.,biorepo,1.4598637,1.796714,16
0,Diacheila polita,biorepo,1.4304911,2.2961152,13
0,Omus californicus,biorepo,1.3936714,1.735985,14
0,Calosoma affine,biorepo,1.3857915,1.7647791,32
0,Myas cyanescens,biorepo,1.375483,1.4771177,4
0,Stereocerus rubripes,biorepo,1.3258429,1.3313782,8
0,Carabus goryi,biorepo,1.3080499,1.145561,5
0,Platynus decentis,biorepo,1.2884429,1.2884429,2
0,Cychrus tuberculatus,biorepo,1.2838148,1.6584752,16
0,Amara crassispina,biorepo,1.1996064,1.6229113,29
0,Poecilus chalcites,biorepo,1.1180607,2.611576,3
0,Helluomorphoides texanus,biorepo,1.1060666,1.0597385,9
0,Dicaelus elongatus,biorepo,1.0739275,1.8897995,15
0,Metrius contractus,biorepo,1.0550358,1.3639873,47
0,Pterostichus novus,biorepo,1.0400215,1.1949648,10
0,Calosoma scrutator,biorepo,1.0292512,1.167159,13
0,Carabus nemoralis nemoralis,biorepo,0.99680746,1.1843773,16
0,Acupalpus hydropicus,biorepo,0.9549224,0.9549224,1
0,Dicaelus sculptilis sculptilis,biorepo,0.95160484,1.03786,11
0,Carabus truncaticollis,biorepo,0.8891251,1.0447743,13
0,Leistus ferruginosus,biorepo,0.80517614,0.80517614,1
0,Sphaeroderus stenostomus lecontei,biorepo,0.75726926,1.1622921,23
0,Pasimachus depressus,biorepo,0.7413236,0.9109605,12
0,Panagaeus fasciatus,biorepo,0.6920194,0.6920194,1
0,Oxypselaphus pusillus,biorepo,0.6541065,1.8734602,4
0,Sphaeroderus bicarinatus,biorepo,0.62315285,0.9310379,3
0,Pasimachus elongatus,biorepo,0.42589,0.47212553,6
0,Blethisa catenaria,biorepo,0.42568237,0.42568237,1
0,Chlaenius aestivus,biorepo,0.2519511,0.23488677,4
0,Elaphrus clairvillei,biorepo,0.0586493,0.0586493,1
10,Notiophilus aeneus,biorepo,35.18314,35.18314,2
10,Galerita atripes,biorepo,6.0962925,7.7827806,29
10,Omus audouini,biorepo,5.9027357,5.9027357,1
10,Nebria trifaria,biorepo,5.7658563,5.7658563,1
10,Dromochorus pruininus,biorepo,5.7259555,6.30209,3
10,Lophoglossus tartaricus,biorepo,5.701945,5.701945,1
10,Brachinus alternans,biorepo,5.6709533,5.6709533,1
10,Agonum corvus,biorepo,5.4261446,5.4261446,1
10,Paraclivina bipustulata,biorepo,5.1056414,5.1056414,1
10,Brachinus americanus,biorepo,5.0992484,5.0992484,1
10,Agonum cupreum,biorepo,5.089429,5.089429,1
10,Calathus advena,biorepo,4.5339265,4.5339265,1
10,Micrixys distincta,biorepo,3.7832148,3.7832148,1
10,Lebia vittata,biorepo,3.6610355,3.5615203,14
10,Gastrellarius honestus,biorepo,3.6021173,3.6021173,1
10,Cicindela abdominalis,biorepo,3.475645,3.475645,1
10,Cyclotrachelus alternans,biorepo,3.0275226,2.8497174,12
10,Cylindera unipunctata,biorepo,2.9913626,2.4195347,4
10,Cyclotrachelus brevoorti,biorepo,2.971037,2.971037,2
10,Piesmus submarginatus,biorepo,2.9557827,2.9557827,1
10,Amara carinata,biorepo,2.9315438,2.9315438,2
10,Gastrellarius blanchardi,biorepo,2.9263692,2.9263692,2
10,Dicheirus piceus,biorepo,2.7565804,3.0084434,57
10,Apenes lucidula lucidula,biorepo,2.6932702,3.4789116,4
10,Amara angustatoides,biorepo,2.518491,2.0580134,11
10,Sphaeroderus canadensis canadensis,biorepo,2.4844325,2.8911731,6
10,Diacheila polita,biorepo,2.4588223,2.626288,13
10,Harpalus amputatus amputatus,biorepo,2.4480336,2.973902,3
10,Carabus chamissonis,biorepo,2.4335942,2.4335942,2
10,Calosoma sponsa,biorepo,2.399165,2.1412616,7
10,Galerita bicolor,biorepo,2.163252,2.4483652,16
10,Harpalus desertus,biorepo,2.1470637,2.8654263,25
10,Pasimachus californicus,biorepo,2.1447675,2.1447675,1
10,Dromochorus belfragei,biorepo,2.063947,2.475166,5
10,Elaphrus lapponicus,biorepo,2.0574253,2.0574253,2
10,Scaphinotus andrewsii,biorepo,2.0499701,1.9143226,4
10,Piosoma setosum,biorepo,2.004971,2.4179595,66
10,Platynus ovipennis,biorepo,1.9889519,1.9889519,2
10,Agonum retractum,biorepo,1.9450138,2.330758,5
10,Leistus ferruginosus,biorepo,1.8609507,1.8609507,1
10,Lophoglossus haldemanni,biorepo,1.8378075,1.8378075,1
10,Discoderus robustus,biorepo,1.816822,2.8365936,79
10,Calosoma calidum,biorepo,1.7952065,1.7796502,34
10,Notiophilus novemstriatus,biorepo,1.7744856,2.967165,17
10,Dicaelus politus,biorepo,1.733201,1.7085338,9
10,Oxypselaphus pusillus,biorepo,1.7014532,1.6433029,4
10,Cymindis cribricollis,biorepo,1.6705592,2.092297,31
10,Cymindis neglecta,biorepo,1.6472694,1.6472694,1
10,Promecognathus crassus,biorepo,1.6459087,2.5953827,9
10,Myas coracinus,biorepo,1.6396474,1.6396474,2
10,Platynus decentis,biorepo,1.6140379,1.6140379,2
10,Amara crassispina,biorepo,1.6109967,1.6411668,29
10,Harpalus amputatus,biorepo,1.5587713,1.7322811,42
10,Calathus gregarius,biorepo,1.5568404,2.6872077,15
10,Poecilus chalcites,biorepo,1.5509611,3.6261165,3
10,Cratacanthus dubius,biorepo,1.54243,1.8858523,55
10,Axinopalpus biplagiatus,biorepo,1.4885923,1.5792441,10
10,Omus californicus,biorepo,1.4883131,1.7533945,14
10,Bembidion rapidum,biorepo,1.4502277,1.2895544,4
10,Dicaelus elongatus,biorepo,1.4169704,1.4193356,15
10,Calosoma affine,biorepo,1.3999962,1.4957509,32
10,Cychrus tuberculatus,biorepo,1.3570969,1.6523602,16
10,Scaphinotus angulatus,biorepo,1.34956,1.34956,2
10,Carabus goryi,biorepo,1.2378865,1.3651254,5
10,Dicaelus sculptilis sculptilis,biorepo,1.2246943,1.1206012,11
10,Scaphinotus angusticollis,biorepo,1.2155521,1.6126838,18
10,Stereocerus rubripes,biorepo,1.1888343,1.3257139,8
10,Helluomorphoides texanus,biorepo,1.1739541,1.2845016,9
10,Dicaelus dilatatus,biorepo,1.1542695,1.6408323,35
10,Pterostichus (Abacidus) sp.,biorepo,1.1330919,1.6092193,16
10,Harpalus opacipennis,biorepo,1.1165959,1.6670604,12
10,Loricera pilicornis pilicornis,biorepo,1.1027807,1.1027807,1
10,Cyclotrachelus faber,biorepo,1.0770546,1.3162868,15
10,Poecilus cyanicolor,biorepo,1.0475017,1.0475017,1
10,Pterostichus novus,biorepo,1.0393218,1.5014025,10
10,Myas cyanescens,biorepo,0.95375323,1.2857466,4
10,Pasimachus depressus,biorepo,0.94492793,1.0580107,12
10,Sphaeroderus bicarinatus,biorepo,0.9425607,0.9162731,3
10,Sphaeroderus stenostomus lecontei,biorepo,0.9364974,1.131833,23
10,Metrius contractus,biorepo,0.88020664,1.223096,47
10,Carabus truncaticollis,biorepo,0.77832603,0.90280247,13
10,Carabus nemoralis nemoralis,biorepo,0.698723,1.03899,16
10,Pasimachus elongatus,biorepo,0.6834629,0.7812106,6
10,Calosoma scrutator,biorepo,0.57447857,0.67817867,13
10,Patrobus septentrionis,biorepo,0.54776305,0.54776305,1
10,Acupalpus hydropicus,biorepo,0.457686,0.457686,1
10,Elaphrus clairvillei,biorepo,0.39843935,0.39843935,1
10,Chlaenius aestivus,biorepo,0.38186145,0.38260293,4
10,Dyschirius globulosus,biorepo,0.2472074,0.2472074,1
10,Panagaeus fasciatus,biorepo,0.23405673,0.23405673,1
10,Blethisa catenaria,biorepo,0.114074975,0.114074975,1
15,Notiophilus aeneus,biorepo,42.277042,42.277042,2
15,Micrixys distincta,biorepo,10.552914,10.552914,1
15,Nebria trifaria,biorepo,6.3972735,6.3972735,1
15,Agonum corvus,biorepo,5.4090176,5.4090176,1
15,Galerita atripes,biorepo,5.3731117,5.8993115,29
15,Omus audouini,biorepo,5.289823,5.289823,1
15,Gastrellarius honestus,biorepo,4.6603513,4.6603513,1
15,Calathus advena,biorepo,4.4109917,4.4109917,1
15,Lophoglossus tartaricus,biorepo,4.257421,4.257421,1
15,Dromochorus pruininus,biorepo,3.980077,4.9354196,3
15,Brachinus americanus,biorepo,3.8672354,3.8672354,1
15,Agonum cupreum,biorepo,3.8168516,3.8168516,1
15,Piesmus submarginatus,biorepo,3.3794727,3.3794727,1
15,Gastrellarius blanchardi,biorepo,3.3387518,3.3387518,2
15,Apenes lucidula lucidula,biorepo,3.2968278,2.7822187,4
15,Carabus chamissonis,biorepo,3.0759935,3.0759935,2
15,Pasimachus californicus,biorepo,3.0373688,3.0373688,1
15,Brachinus alternans,biorepo,2.9413617,2.9413617,1
15,Cyclotrachelus brevoorti,biorepo,2.8921247,2.8921247,2
15,Cyclotrachelus alternans,biorepo,2.7868876,2.4213116,12
15,Loricera pilicornis pilicornis,biorepo,2.6499796,2.6499796,1
15,Dicheirus piceus,biorepo,2.621238,2.9039466,57
15,Harpalus amputatus amputatus,biorepo,2.409943,2.923091,3
15,Platynus ovipennis,biorepo,2.3491368,2.3491368,2
15,Notiophilus novemstriatus,biorepo,2.3059738,3.5011234,17
15,Galerita bicolor,biorepo,2.2954097,2.3158388,16
15,Leistus ferruginosus,biorepo,2.2626748,2.2626748,1
15,Discoderus robustus,biorepo,2.1924388,3.0238042,79
15,Poecilus cyanicolor,biorepo,2.1571813,2.1571813,1
15,Lebia vittata,biorepo,2.1411276,2.8921165,14
15,Dromochorus belfragei,biorepo,2.138804,2.8496776,5
15,Sphaeroderus canadensis canadensis,biorepo,2.136892,2.1869774,6
15,Elaphrus lapponicus,biorepo,2.063386,2.063386,2
15,Paraclivina bipustulata,biorepo,2.035264,2.035264,1
15,Cylindera unipunctata,biorepo,2.0286245,2.1135,4
15,Harpalus desertus,biorepo,1.9634949,2.764375,25
15,Axinopalpus biplagiatus,biorepo,1.9607062,2.4108586,10
15,Cratacanthus dubius,biorepo,1.9278251,2.4645283,55
15,Myas coracinus,biorepo,1.9251033,1.9251033,2
15,Piosoma setosum,biorepo,1.9215381,2.6288633,66
15,Scaphinotus andrewsii,biorepo,1.8646119,2.2954507,4
15,Scaphinotus angusticollis,biorepo,1.7823911,1.6905466,18
15,Diacheila polita,biorepo,1.7671274,1.7721113,13
15,Calathus gregarius,biorepo,1.7619766,2.4269943,15
15,Panagaeus fasciatus,biorepo,1.7477609,1.7477609,1
15,Amara angustatoides,biorepo,1.7328336,1.555413,11
15,Cicindela abdominalis,biorepo,1.7107377,1.7107377,1
15,Promecognathus crassus,biorepo,1.6829083,3.3297098,9
15,Carabus goryi,biorepo,1.6577104,1.7469647,5
15,Oxypselaphus pusillus,biorepo,1.631398,1.4346688,4
15,Dicaelus dilatatus,biorepo,1.614423,1.8217531,35
15,Amara crassispina,biorepo,1.6076034,1.5347583,29
15,Harpalus opacipennis,biorepo,1.5949795,1.9096895,12
15,Calosoma calidum,biorepo,1.5808206,1.9459352,34
15,Agonum retractum,biorepo,1.5764538,1.6935008,5
15,Calosoma affine,biorepo,1.5702952,1.7792146,32
15,Poecilus chalcites,biorepo,1.5473133,3.1318924,3
15,Lophoglossus haldemanni,biorepo,1.5335679,1.5335679,1
15,Sphaeroderus bicarinatus,biorepo,1.4729272,1.2913432,3
15,Harpalus amputatus,biorepo,1.4431846,1.6597085,42
15,Dyschirius globulosus,biorepo,1.4425124,1.4425124,1
15,Pterostichus (Abacidus) sp.,biorepo,1.430306,1.9099607,16
15,Omus californicus,biorepo,1.4035199,1.7130721,14
15,Cychrus tuberculatus,biorepo,1.3909129,2.1009662,16
15,Calosoma sponsa,biorepo,1.365671,1.2305605,7
15,Cymindis cribricollis,biorepo,1.3269444,2.1698658,31
15,Cyclotrachelus faber,biorepo,1.2898082,1.4436632,15
15,Dicaelus elongatus,biorepo,1.2741649,1.5815884,15
15,Elaphrus clairvillei,biorepo,1.1948082,1.1948082,1
15,Amara carinata,biorepo,1.16302,1.16302,2
15,Sphaeroderus stenostomus lecontei,biorepo,1.1598376,1.4284383,23
15,Stereocerus rubripes,biorepo,1.116579,1.492641,8
15,Dicaelus politus,biorepo,1.0373614,1.3470443,9
15,Scaphinotus angulatus,biorepo,1.0328625,1.0328625,2
15,Carabus truncaticollis,biorepo,1.0132947,1.0020438,13
15,Cymindis neglecta,biorepo,0.99847263,0.99847263,1
15,Pterostichus novus,biorepo,0.98360527,1.4008478,10
15,Dicaelus sculptilis sculptilis,biorepo,0.939802,1.3000351,11
15,Platynus decentis,biorepo,0.88125706,0.88125706,2
15,Metrius contractus,biorepo,0.8757277,1.3934902,47
15,Pasimachus elongatus,biorepo,0.8723638,0.83268064,6
15,Calosoma scrutator,biorepo,0.83761764,1.091163,13
15,Pasimachus depressus,biorepo,0.8354714,1.1010913,12
15,Patrobus septentrionis,biorepo,0.7020606,0.7020606,1
15,Carabus nemoralis nemoralis,biorepo,0.63471484,0.99383616,16
15,Bembidion rapidum,biorepo,0.6162801,1.0810118,4
15,Helluomorphoides texanus,biorepo,0.48121923,1.0292388,9
15,Myas cyanescens,biorepo,0.32449895,0.74589443,4
15,Acupalpus hydropicus,biorepo,0.28038052,0.28038052,1
15,Blethisa catenaria,biorepo,0.24664181,0.24664181,1
15,Chlaenius aestivus,biorepo,0.20128557,0.26125687,4
5,Notiophilus aeneus,biorepo,32.341896,32.341896,2
5,Micrixys distincta,biorepo,6.73326,6.73326,1
5,Omus audouini,biorepo,5.7528276,5.7528276,1
5,Galerita atripes,biorepo,5.3666463,5.8536897,29
5,Nebria trifaria,biorepo,5.2576833,5.2576833,1
5,Agonum corvus,biorepo,4.792412,4.792412,1
5,Lophoglossus tartaricus,biorepo,4.7374415,4.7374415,1
5,Calathus advena,biorepo,4.504181,4.504181,1
5,Gastrellarius honestus,biorepo,4.3246417,4.3246417,1
5,Agonum cupreum,biorepo,3.9383101,3.9383101,1
5,Dromochorus pruininus,biorepo,3.4728353,5.9060555,3
5,Cymindis neglecta,biorepo,3.3620522,3.3620522,1
5,Paraclivina bipustulata,biorepo,3.3054569,3.3054569,1
5,Diacheila polita,biorepo,3.1918757,2.9095905,13
5,Piesmus submarginatus,biorepo,3.0737257,3.0737257,1
5,Apenes lucidula lucidula,biorepo,2.991789,3.115855,4
5,Platynus ovipennis,biorepo,2.9374976,2.9374976,2
5,Harpalus desertus,biorepo,2.913152,3.2964344,25
5,Dicheirus piceus,biorepo,2.8871112,3.0169396,57
5,Cyclotrachelus brevoorti,biorepo,2.8535504,2.8535504,2
5,Cyclotrachelus alternans,biorepo,2.7031245,2.878681,12
5,Cylindera unipunctata,biorepo,2.6731262,2.8722906,4
5,Gastrellarius blanchardi,biorepo,2.5614367,2.5614367,2
5,Lebia vittata,biorepo,2.5485296,2.9245512,14
5,Promecognathus crassus,biorepo,2.514839,2.9736998,9
5,Carabus chamissonis,biorepo,2.495639,2.495639,2
5,Loricera pilicornis pilicornis,biorepo,2.4563873,2.4563873,1
5,Brachinus alternans,biorepo,2.4010878,2.4010878,1
5,Dromochorus belfragei,biorepo,2.3323882,2.652788,5
5,Galerita bicolor,biorepo,2.2649853,2.7451882,16
5,Elaphrus lapponicus,biorepo,2.2315314,2.2315314,2
5,Brachinus americanus,biorepo,2.1840045,2.1840045,1
5,Lophoglossus haldemanni,biorepo,2.1583195,2.1583195,1
5,Scaphinotus andrewsii,biorepo,2.1174788,2.3284998,4
5,Harpalus amputatus amputatus,biorepo,2.0791466,1.6186968,3
5,Sphaeroderus canadensis canadensis,biorepo,2.0140772,1.4818783,6
5,Amara carinata,biorepo,1.9003749,1.9003749,2
5,Calosoma sponsa,biorepo,1.8866936,1.7428726,7
5,Discoderus robustus,biorepo,1.8547555,2.92171,79
5,Harpalus opacipennis,biorepo,1.8420198,1.8733721,12
5,Scaphinotus angulatus,biorepo,1.8280098,1.8280098,2
5,Axinopalpus biplagiatus,biorepo,1.8224386,1.8205557,10
5,Dyschirius globulosus,biorepo,1.8208289,1.8208289,1
5,Piosoma setosum,biorepo,1.8159871,2.0659225,66
5,Scaphinotus angusticollis,biorepo,1.7520393,1.5611192,18
5,Amara angustatoides,biorepo,1.7263956,1.8541638,11
5,Cratacanthus dubius,biorepo,1.6998248,1.7938544,55
5,Notiophilus novemstriatus,biorepo,1.6856936,3.1733017,17
5,Amara crassispina,biorepo,1.685226,1.6884261,29
5,Calosoma calidum,biorepo,1.6577814,1.7639254,34
5,Poecilus chalcites,biorepo,1.6568154,3.033151,3
5,Platynus decentis,biorepo,1.6231352,1.6231352,2
5,Dicaelus sculptilis sculptilis,biorepo,1.594161,1.5957004,11
5,Poecilus cyanicolor,biorepo,1.5629332,1.5629332,1
5,Cicindela abdominalis,biorepo,1.5491171,1.5491171,1
5,Cyclotrachelus faber,biorepo,1.5453553,1.674457,15
5,Patrobus septentrionis,biorepo,1.5192733,1.5192733,1
5,Calathus gregarius,biorepo,1.5138373,2.4651008,15
5,Dicaelus elongatus,biorepo,1.4869341,1.7500787,15
5,Dicaelus dilatatus,biorepo,1.4812251,1.872999,35
5,Pterostichus novus,biorepo,1.4761755,1.544198,10
5,Bembidion rapidum,biorepo,1.4501929,1.4324367,4
5,Cymindis cribricollis,biorepo,1.4486508,2.6218052,31
5,Pasimachus californicus,biorepo,1.4176112,1.4176112,1
5,Harpalus amputatus,biorepo,1.4011594,1.6286908,42
5,Pterostichus (Abacidus) sp.,biorepo,1.3297648,1.9128051,16
5,Cychrus tuberculatus,biorepo,1.3004631,1.4449953,16
5,Omus californicus,biorepo,1.2967801,1.5574682,14
5,Metrius contractus,biorepo,1.2929076,1.4130288,47
5,Oxypselaphus pusillus,biorepo,1.2269421,1.3417804,4
5,Calosoma affine,biorepo,1.2192986,1.4656403,32
5,Carabus goryi,biorepo,1.2054598,1.4271377,5
5,Sphaeroderus stenostomus lecontei,biorepo,1.1831627,1.2014551,23
5,Agonum retractum,biorepo,1.0923737,1.4085473,5
5,Myas coracinus,biorepo,1.0637023,1.0637023,2
5,Stereocerus rubripes,biorepo,0.9631195,1.1676537,8
5,Myas cyanescens,biorepo,0.9601775,1.174955,4
5,Dicaelus politus,biorepo,0.9457808,1.529195,9
5,Carabus nemoralis nemoralis,biorepo,0.9424785,1.0582348,16
5,Carabus truncaticollis,biorepo,0.90625566,0.9425306,13
5,Calosoma scrutator,biorepo,0.8994949,1.1566237,13
5,Acupalpus hydropicus,biorepo,0.8416741,0.8416741,1
5,Elaphrus clairvillei,biorepo,0.72282493,0.72282493,1
5,Leistus ferruginosus,biorepo,0.69810843,0.69810843,1
5,Pasimachus depressus,biorepo,0.68356717,0.976203,12
5,Helluomorphoides texanus,biorepo,0.66250414,0.76271874,9
5,Panagaeus fasciatus,biorepo,0.52156454,0.52156454,1
5,Chlaenius aestivus,biorepo,0.49411088,0.67063403,4
5,Sphaeroderus bicarinatus,biorepo,0.41758028,0.47640562,3
5,Pasimachus elongatus,biorepo,0.4152925,0.6387996,6
5,Blethisa catenaria,biorepo,0.22161643,0.22161643,1
all,Notiophilus aeneus,biorepo,15.818564,15.818564,2
all,Micrixys distincta,biorepo,9.04739,9.04739,1
all,Omus audouini,biorepo,7.1582003,7.1582003,1
all,Nebria trifaria,biorepo,6.93632,6.93632,1
all,Cymindis neglecta,biorepo,6.490893,6.490893,1
all,Agonum corvus,biorepo,5.7638516,5.7638516,1
all,Dromochorus pruininus,biorepo,5.389064,6.396317,3
all,Galerita atripes,biorepo,5.291425,6.1661572,29
all,Lophoglossus tartaricus,biorepo,5.104237,5.104237,1
all,Gastrellarius honestus,biorepo,5.0733333,5.0733333,1
all,Calathus advena,biorepo,4.974027,4.974027,1
all,Brachinus americanus,biorepo,4.533557,4.533557,1
all,Agonum cupreum,biorepo,3.93721,3.93721,1
all,Paraclivina bipustulata,biorepo,3.780592,3.780592,1
all,Poecilus chalcites,biorepo,3.628368,3.4405239,3
all,Piesmus submarginatus,biorepo,3.356779,3.356779,1
all,Gastrellarius blanchardi,biorepo,3.2482662,3.2482662,2
all,Brachinus alternans,biorepo,3.2404478,3.2404478,1
all,Notiophilus novemstriatus,biorepo,3.1720822,3.94044,17
all,Apenes lucidula lucidula,biorepo,3.1544702,2.9213402,4
all,Dromochorus belfragei,biorepo,3.0086348,2.7828295,5
all,Agonum retractum,biorepo,2.9402661,2.8511815,5
all,Cyclotrachelus alternans,biorepo,2.8002727,2.6815126,12
all,Loricera pilicornis pilicornis,biorepo,2.681536,2.681536,1
all,Scaphinotus andrewsii,biorepo,2.5926995,2.3894918,4
all,Lebia vittata,biorepo,2.5772133,4.6009564,14
all,Platynus ovipennis,biorepo,2.5402362,2.5402362,2
all,Cyclotrachelus brevoorti,biorepo,2.5010595,2.5010595,2
all,Calosoma sponsa,biorepo,2.4926958,2.1657753,7
all,Pasimachus californicus,biorepo,2.416181,2.416181,1
all,Cylindera unipunctata,biorepo,2.3904223,2.5582275,4
all,Dicheirus piceus,biorepo,2.3872705,2.708672,57
all,Harpalus amputatus amputatus,biorepo,2.379566,2.4377356,3
all,Amara angustatoides,biorepo,2.2863507,2.0664833,11
all,Piosoma setosum,biorepo,2.231666,2.6393697,66
all,Harpalus desertus,biorepo,2.1197991,3.0626926,25
all,Promecognathus crassus,biorepo,2.1148047,2.9888391,9
all,Lophoglossus haldemanni,biorepo,2.0661986,2.0661986,1
all,Discoderus robustus,biorepo,2.015593,2.3638647,79
all,Dyschirius globulosus,biorepo,1.9825237,1.9825237,1
all,Cyclotrachelus faber,biorepo,1.9523405,1.7661374,15
all,Calathus gregarius,biorepo,1.9039335,2.3725913,15
all,Sphaeroderus canadensis canadensis,biorepo,1.8719938,2.299164,6
all,Amara crassispina,biorepo,1.7972715,1.7371588,29
all,Diacheila polita,biorepo,1.7933756,1.9165441,13
all,Myas coracinus,biorepo,1.7878608,1.7878608,2
all,Harpalus amputatus,biorepo,1.7682028,2.0760953,42
all,Galerita bicolor,biorepo,1.6510036,2.5815222,16
all,Calosoma calidum,biorepo,1.6222277,1.6906214,34
all,Cratacanthus dubius,biorepo,1.5778989,2.0395474,55
all,Scaphinotus angusticollis,biorepo,1.5634623,1.4453592,18
all,Carabus chamissonis,biorepo,1.5583358,1.5583358,2
all,Axinopalpus biplagiatus,biorepo,1.5182204,1.8174608,10
all,Pterostichus novus,biorepo,1.5079601,1.56001,10
all,Panagaeus fasciatus,biorepo,1.4864686,1.4864686,1
all,Dicaelus elongatus,biorepo,1.4146687,1.7518661,15
all,Bembidion rapidum,biorepo,1.407742,2.2002332,4
all,Cymindis cribricollis,biorepo,1.3606501,1.9026767,31
all,Poecilus cyanicolor,biorepo,1.3040053,1.3040053,1
all,Dicaelus dilatatus,biorepo,1.2956896,1.6409342,35
all,Metrius contractus,biorepo,1.2488716,1.3847668,47
all,Calosoma affine,biorepo,1.2444406,1.5010694,32
all,Helluomorphoides texanus,biorepo,1.2226707,1.2661142,9
all,Cicindela abdominalis,biorepo,1.2151797,1.2151797,1
all,Harpalus opacipennis,biorepo,1.2144396,1.6417466,12
all,Amara carinata,biorepo,1.1744485,1.1744485,2
all,Dicaelus politus,biorepo,1.1527094,1.6484374,9
all,Pterostichus (Abacidus) sp.,biorepo,1.1200194,1.4900476,16
all,Blethisa catenaria,biorepo,1.1043657,1.1043657,1
all,Omus californicus,biorepo,1.0876726,1.5099223,14
all,Stereocerus rubripes,biorepo,1.0594456,0.9274561,8
all,Carabus nemoralis nemoralis,biorepo,1.0534245,1.2777982,16
all,Platynus decentis,biorepo,0.9432975,0.9432975,2
all,Carabus truncaticollis,biorepo,0.9293838,0.8286551,13
all,Elaphrus lapponicus,biorepo,0.9231999,0.9231999,2
all,Carabus goryi,biorepo,0.8831812,0.8415127,5
all,Dicaelus sculptilis sculptilis,biorepo,0.87625647,0.9856093,11
all,Scaphinotus angulatus,biorepo,0.86634403,0.86634403,2
all,Sphaeroderus bicarinatus,biorepo,0.8364075,1.0641068,3
all,Pasimachus elongatus,biorepo,0.82067263,0.9310978,6
all,Cychrus tuberculatus,biorepo,0.7562678,1.1772006,16
all,Sphaeroderus stenostomus lecontei,biorepo,0.7428272,1.1555477,23
all,Oxypselaphus pusillus,biorepo,0.71313,1.3678253,4
all,Pasimachus depressus,biorepo,0.69585735,1.1088203,12
all,Leistus ferruginosus,biorepo,0.58246493,0.58246493,1
all,Elaphrus clairvillei,biorepo,0.5775862,0.5775862,1
all,Calosoma scrutator,biorepo,0.5107188,0.5772838,13
all,Acupalpus hydropicus,biorepo,0.49782437,0.49782437,1
all,Myas cyanescens,biorepo,0.46371228,0.93722636,4
all,Patrobus septentrionis,biorepo,0.43470758,0.43470758,1
all,Chlaenius aestivus,biorepo,0.34151113,0.4357979,4
